".y."	"group1"	"group2"	"n1"	"n2"	"statistic"	"p"	"p.adj"	"p.adj.signif"	"p.adj.formatted"
"values"	"Q1"	"Q2"	6905	6904	36.1495659766488	3.77936639978371e-286	2.26761983987023e-285	"****"	"2.27e-285"
"values"	"Q1"	"Q3"	6905	6904	32.0349073536837	3.5623190648309e-225	7.1246381296618e-225	"****"	"7.12e-225"
"values"	"Q1"	"Q4"	6905	6905	35.3683980788861	5.22845730748818e-274	1.56853719224645e-273	"****"	"1.57e-273"
"values"	"Q2"	"Q3"	6904	6904	-4.11450964638602	3.88003333829423e-05	5.82005000744134e-05	"****"	"5.82e-05"
"values"	"Q2"	"Q4"	6904	6905	-0.782448549454245	0.433951011183933	0.433951011183933	"ns"	"0.434"
"values"	"Q3"	"Q4"	6904	6905	3.3322100735108	0.000861591920205696	0.00103391030424684	"***"	"0.00103"
