".y."	"group1"	"group2"	"n1"	"n2"	"statistic"	"p"	"p.adj"	"p.adj.signif"	"p.adj.formatted"
"values"	"NOnubAll"	"SUMOnubAll"	4506	4506	-0.480036217024683	0.631201640595573	0.631201640595573	"ns"	"0.631"
"values"	"NOnubQ1"	"SUMOnubQ1"	1127	1127	8.62660687090241	6.31989460872919e-18	3.15994730436459e-17	"****"	"3.16e-17"
"values"	"NOnubQ2"	"SUMOnubQ2"	1126	1126	2.44130192145233	0.0146344140657943	0.0182930175822429	"*"	"0.0183"
"values"	"NOnubQ3"	"SUMOnubQ3"	1126	1126	-5.80178303176694	6.56134287079900e-09	1.09355714513317e-08	"****"	"1.09e-08"
"values"	"NOnubQ4"	"SUMOnubQ4"	1127	1127	-6.22747642774187	4.74008029491945e-10	1.18502007372986e-09	"****"	"1.19e-09"
