".y."	"group1"	"group2"	"n1"	"n2"	"statistic"	"p"	"p.adj"	"p.adj.signif"	"p.adj.formatted"
"values"	"NOnubAll"	"SUMOnubAll"	1897	1897	0.666030751830829	0.505391444651165	0.505391444651165	"ns"	"0.505"
"values"	"NOnubQ1"	"SUMOnubQ1"	475	475	4.53309195678237	5.812649460761e-06	1.7437948382283e-05	"****"	"1.74e-05"
"values"	"NOnubQ4"	"SUMOnubQ4"	475	475	-3.83014188438246	0.000128069392822356	0.000192104089233535	"***"	"0.000192"
