".y."	"group1"	"group2"	"n1"	"n2"	"statistic"	"p"	"p.adj"	"p.adj.signif"	"p.adj.formatted"
"values"	"NOnubAll"	"SUMOnubAll"	4460	4460	-0.472070467898461	0.636876490993441	0.636876490993441	"ns"	"0.637"
"values"	"NOnubQ1"	"SUMOnubQ1"	1115	1115	8.20982941126247	2.21502966846729e-16	6.64508900540186e-16	"****"	"6.65e-16"
"values"	"NOnubQ4"	"SUMOnubQ4"	1115	1115	-6.33213393543569	2.4179344751972e-10	3.6269017127958e-10	"****"	"3.63e-10"
