".y."	"group1"	"group2"	"n1"	"n2"	"statistic"	"p"	"p.adj"	"p.adj.signif"	"p.adj.formatted"
"values"	"NOnubAll"	"SUMOnubAll"	33040	33040	2.19982618711307	0.0278192292678106	0.0278192292678106	"*"	"0.0278"
"values"	"NOnubQ1"	"SUMOnubQ1"	8260	8260	20.3768834904597	2.68197018772904e-92	4.02295528159356e-92	"****"	"4.02e-92"
"values"	"NOnubQ4"	"SUMOnubQ4"	8260	8260	-21.7641151593244	5.07804548816694e-105	1.52341364645008e-104	"****"	"1.52e-104"
