".y."	"group1"	"group2"	"n1"	"n2"	"statistic"	"p"	"p.adj"	"p.adj.signif"	"p.adj.formatted"
"values"	"NOnubAll"	"SUMOnubAll"	28120	28120	10.7626469522209	5.16644982421313e-27	5.16644982421313e-27	"****"	"5.17e-27"
"values"	"NOnubQ1"	"SUMOnubQ1"	7030	7030	20.5087649680023	1.79802016466694e-93	5.39406049400081e-93	"****"	"5.39e-93"
"values"	"NOnubQ4"	"SUMOnubQ4"	7030	7030	-14.9002074199084	3.28557947254285e-50	4.92836920881428e-50	"****"	"4.93e-50"
