".y."	"group1"	"group2"	"n1"	"n2"	"statistic"	"p"	"p.adj"	"p.adj.signif"	"p.adj.formatted"
"values"	"Q1"	"Q2"	1001	1045	1.21205176423617	0.225492566317126	0.270591079580551	"ns"	"0.271"
"values"	"Q1"	"Q3"	1001	1057	2.0455360535954	0.0408020385131043	0.0612030577696565	"ns"	"0.0612"
"values"	"Q1"	"Q4"	1001	1054	4.61036057552823	4.01971155613671e-06	2.41182693368203e-05	"****"	"2.41e-05"
"values"	"Q2"	"Q3"	1045	1057	0.83922806772967	0.40134133969991	0.40134133969991	"ns"	"0.401"
"values"	"Q2"	"Q4"	1045	1054	3.43304069880424	0.000596852498603566	0.0017905574958107	"**"	"0.00179"
"values"	"Q3"	"Q4"	1057	1054	2.6018326061965	0.00927271002580264	0.0185454200516053	"*"	"0.0185"
