".y."	"group1"	"group2"	"n1"	"n2"	"statistic"	"p"	"p.adj"	"p.adj.signif"	"p.adj.formatted"
"values"	"Q1"	"Q2"	948	998	1.47707877920532	0.13965452119282	0.167585425431384	"ns"	"0.168"
"values"	"Q1"	"Q3"	948	986	2.34290878815202	0.0191340601845849	0.0287010902768774	"*"	"0.0287"
"values"	"Q1"	"Q4"	948	987	5.5578629497322	2.73097679968438e-08	1.63858607981063e-07	"****"	"1.64e-07"
"values"	"Q2"	"Q3"	998	986	0.881520162945441	0.378036345704082	0.378036345704082	"ns"	"0.378"
"values"	"Q2"	"Q4"	998	987	4.13799299877413	3.50357059430806e-05	0.000105107117829242	"***"	"0.000105"
"values"	"Q3"	"Q4"	986	987	3.24644006330376	0.00116858051440852	0.00233716102881703	"**"	"0.00234"
