seqnames	start	end	width	strand	Conc	Conc_WD_SUMOnub	Conc_WD_NOnub	Fold	p.value	FDR	WD_SUMOnub1	WD_SUMOnub2	WD_NOnub1	WD_NOnub2
chr2R	5105730	5109858	4129	*	7.27221463193697	8.264503366737	0.720777644014601	7.81423588554743	1.24630014294163e-11	3.30269537879533e-09	301.39	313.64	3.3	0
chrX	353636	361361	7726	*	6.84389992162073	0	7.84389992162073	-9.9080962122938	1.06843470438649e-10	1.41567598331211e-08	0	0	295	164.49
chr2L	7604013	7616676	12664	*	6.18954006642332	7.16506935292295	1.29575560853922	3.29531165095761	0.000289272078024856	0.0255523668921957	216.59	70.44	0	4.91
